t,x,y,yaw,v,a,delta,state,signal,clear,distance_to_line,agent_y,lane_change_clear,agent_gap
0.0,0.0,0.0,0.0,5.0,0.0,0.0,WAIT_TO_CHANGE_LANE,NONE,True,nan,3.6,False,5.0
0.1,0.5,0.0,0.0,5.0,0.0,0.0,WAIT_TO_CHANGE_LANE,NONE,True,nan,3.6,False,5.2
0.2,1.0,0.0,0.0,5.0,0.0,0.0,WAIT_TO_CHANGE_LANE,NONE,True,nan,3.6,False,5.4
0.30000000000000004,1.5,0.0,0.0,5.0,0.0,0.0,WAIT_TO_CHANGE_LANE,NONE,True,nan,3.6,False,5.6000000000000005
0.4,2.0,0.0,0.0,5.0,0.0,0.0,WAIT_TO_CHANGE_LANE,NONE,True,nan,3.6,False,5.800000000000001
0.5,2.5,0.0,0.0,5.0,0.0,0.0,WAIT_TO_CHANGE_LANE,NONE,True,nan,3.6,False,6.0
0.6000000000000001,3.0,0.0,0.0,5.0,0.0,0.0,WAIT_TO_CHANGE_LANE,NONE,True,nan,3.6,False,6.200000000000001
0.7000000000000001,3.5,0.0,0.0,5.0,0.0,0.0,WAIT_TO_CHANGE_LANE,NONE,True,nan,3.6,False,6.4
0.8,4.0,0.0,0.0,5.0,0.0,0.0,WAIT_TO_CHANGE_LANE,NONE,True,nan,3.6,False,6.600000000000001
0.9,4.5,0.0,0.0,5.0,0.0,0.0,WAIT_TO_CHANGE_LANE,NONE,True,nan,3.6,False,6.800000000000001
1.0,5.0,0.0,0.0,5.0,0.0,0.0,WAIT_TO_CHANGE_LANE,NONE,True,nan,3.6,False,7.0
1.1,5.5,0.0,0.0,5.0,0.0,0.0,WAIT_TO_CHANGE_LANE,NONE,True,nan,3.6,False,7.200000000000001
1.2000000000000002,6.0,0.0,0.0,5.0,0.0,0.0,WAIT_TO_CHANGE_LANE,NONE,True,nan,3.6,False,7.400000000000002
1.3,6.5,0.0,0.0,5.0,0.0,0.0,WAIT_TO_CHANGE_LANE,NONE,True,nan,3.6,False,7.6
1.4000000000000001,7.0,0.0,0.0,5.0,0.0,0.0,WAIT_TO_CHANGE_LANE,NONE,True,nan,3.6,False,7.800000000000001
1.5,7.5,0.0,0.0,5.0,0.0,0.0,WAIT_TO_CHANGE_LANE,NONE,True,nan,3.6,False,8.0
1.6,8.0,0.0,0.0,5.0,0.0,0.0,WAIT_TO_CHANGE_LANE,NONE,True,nan,3.6,False,8.200000000000003
1.7000000000000002,8.5,0.0,0.0,5.0,0.0,0.0,WAIT_TO_CHANGE_LANE,NONE,True,nan,3.6,False,8.400000000000002
1.8,9.0,0.0,0.0,5.0,0.0,0.0,WAIT_TO_CHANGE_LANE,NONE,True,nan,3.6,False,8.600000000000001
1.9000000000000001,9.5,0.0,0.0,5.0,0.0,0.0,WAIT_TO_CHANGE_LANE,NONE,True,nan,3.6,False,8.8
2.0,10.0,0.0,0.0,5.0,0.0,0.0,WAIT_TO_CHANGE_LANE,NONE,True,nan,3.6,False,9.0
2.1,10.5,0.0,0.0,5.0,0.0,0.0,WAIT_TO_CHANGE_LANE,NONE,True,nan,3.6,False,9.200000000000003
2.2,11.0,0.0,0.0,5.0,0.0,0.0,WAIT_TO_CHANGE_LANE,NONE,True,nan,3.6,False,9.400000000000002
2.3000000000000003,11.5,0.0,0.0,5.0,0.0,0.0,WAIT_TO_CHANGE_LANE,NONE,True,nan,3.6,False,9.600000000000001
2.4000000000000004,12.0,0.0,0.0,5.0,0.0,0.0,WAIT_TO_CHANGE_LANE,NONE,True,nan,3.6,False,9.800000000000004
2.5,12.5,0.0,0.0,5.0,0.0,0.0,WAIT_TO_CHANGE_LANE,NONE,True,nan,3.6,False,10.0
2.6,13.0,0.0,0.0,5.0,0.0,0.0,WAIT_TO_CHANGE_LANE,NONE,True,nan,3.6,False,10.2
2.7,13.5,0.0,0.0,5.0,0.0,0.0,WAIT_TO_CHANGE_LANE,NONE,True,nan,3.6,False,10.400000000000002
2.8000000000000003,14.0,0.0,0.0,5.0,0.0,0.0,WAIT_TO_CHANGE_LANE,NONE,True,nan,3.6,False,10.600000000000001
2.9000000000000004,14.5,0.0,0.0,5.0,0.0,0.0,WAIT_TO_CHANGE_LANE,NONE,True,nan,3.6,False,10.800000000000004
3.0,15.0,0.0,0.0,5.0,0.0,0.0,WAIT_TO_CHANGE_LANE,NONE,True,nan,3.6,False,11.0
3.1,15.5,0.0,0.0,5.0,0.0,0.0,WAIT_TO_CHANGE_LANE,NONE,True,nan,3.6,False,11.2
3.2,16.0,0.0,0.0,5.0,0.0,0.0,WAIT_TO_CHANGE_LANE,NONE,True,nan,3.6,False,11.400000000000002
3.3000000000000003,16.5,0.0,0.0,5.0,0.0,0.0,WAIT_TO_CHANGE_LANE,NONE,True,nan,3.6,False,11.600000000000001
3.4000000000000004,17.0,0.0,0.0,5.0,0.0,0.0,WAIT_TO_CHANGE_LANE,NONE,True,nan,3.6,False,11.800000000000004
3.5,17.5,0.0,0.0,5.0,0.0,0.0,WAIT_TO_CHANGE_LANE,NONE,True,nan,3.6,False,12.0
3.6,18.0,0.0,0.0,5.0,0.0,0.06187170692863085,LANE_CHANGE,NONE,True,nan,3.6,True,12.2
3.7,18.5,0.0,0.010359661962636367,5.0,0.0,0.06132672724288007,LANE_CHANGE,NONE,True,nan,3.6,True,12.400000000000002
3.8000000000000003,18.999973169590966,0.005179738329664091,0.02062784351602069,5.0,0.0,0.060562925673816305,LANE_CHANGE,NONE,True,nan,3.6,True,12.600026830409035
3.9000000000000004,19.499866796380903,0.015492928660656333,0.03076782346186436,5.0,0.0,0.059591047378398904,LANE_CHANGE,NONE,True,nan,3.6,True,12.800133203619101
4.0,19.999630150310235,0.03087441328682524,0.040744693946715135,5.0,0.0,0.05842344356563325,LANE_CHANGE,NONE,True,nan,3.6,True,13.000369849689765
4.1000000000000005,20.499215175203187,0.05124112393703652,0.05052563151686051,5.0,0.0,0.05707363327606908,LANE_CHANGE,NONE,True,nan,3.6,True,13.200784824796816
4.2,20.9985771011022,0.07649319241528953,0.06008009383650817,5.0,0.0,0.05555590821982302,LANE_CHANGE,NONE,True,nan,3.6,True,13.401422898897806
4.3,21.497674968095268,0.10651517041422544,0.06937994933534176,5.0,0.0,0.053884982406386235,LANE_CHANGE,NONE,True,nan,3.6,True,13.602325031904726
4.4,21.99647205639469,0.14117732129983396,0.07839954739102596,5.0,0.0,0.05207568698984009,LANE_CHANGE,NONE,True,nan,3.6,True,13.803527943605314
4.5,22.49493622104499,0.18033695050487644,0.08711573675537548,5.0,0.0,0.05014270959411661,LANE_CHANGE,NONE,True,nan,3.6,True,14.005063778955009
4.6000000000000005,22.99304013274434,0.2238397452404837,0.09550783982590876,5.0,0.0,0.0481003764090076,LANE_CHANGE,NONE,True,nan,3.6,True,14.206959867255662
4.7,23.4907614288144,0.27152109839178606,0.10355759008058585,5.0,0.0,0.045962474575176424,LANE_CHANGE,NONE,True,nan,3.6,True,14.409238571185597
4.800000000000001,23.988082780340527,0.323207395572253,0.11124903956934426,5.0,0.0,0.0437421118066267,LANE_CHANGE,NONE,True,nan,3.6,True,14.611917219659482
4.9,24.48499188294826,0.37871724826143377,0.1185684428286766,5.0,0.0,0.041451609821135695,LANE_CHANGE,NONE,True,nan,3.6,True,14.815008117051743
5.0,24.981481379625865,0.4378626596541918,0.12550412299007838,5.0,0.0,0.03910242794378637,LANE_CHANGE,NONE,True,nan,3.6,True,15.018518620374135
5.1000000000000005,25.477548724502896,0.50045011324238,0.13204632522125934,5.0,0.0,0.03670511319145318,LANE_CHANGE,NONE,True,nan,3.6,True,15.222451275497107
5.2,25.973195996617232,0.5662815771909787,0.13818706199747055,5.0,0.0,0.034269273210022114,LANE_CHANGE,NONE,True,nan,3.6,True,15.426804003382767
5.300000000000001,26.468429672515576,0.6351554202390713,0.1439199540710065,5.0,0.0,0.03180356859427815,LANE_CHANGE,NONE,True,nan,3.6,True,15.631570327484432
5.4,26.963260366102407,0.7068672371479738,0.1492400704067004,5.0,0.0,0.029315721347295837,LANE_CHANGE,NONE,True,nan,3.6,True,15.836739633897597
5.5,27.457702543542496,0.7812105836445055,0.15414376979211772,5.0,0.0,0.02681253650902769,LANE_CHANGE,NONE,True,nan,3.6,True,16.042297456457504
5.6000000000000005,27.95177422028854,0.857977622387393,0.15862854632105083,5.0,0.0,0.024299934283050578,LANE_CHANGE,NONE,True,nan,3.6,True,16.24822577971146
5.7,28.445496646497176,0.9369596827470581,0.1626928804921576,5.0,0.0,0.021782990300062186,LANE_CHANGE,NONE,True,nan,3.6,True,16.454503353502822
5.800000000000001,28.93889398625435,1.017947738166007,0.16633609726262463,5.0,0.0,0.019265981964130256,LANE_CHANGE,NONE,True,nan,3.6,True,16.66110601374566
5.9,29.43199299518769,1.1007328055933823,0.16955823204880713,5.0,0.0,0.016752439123450997,LANE_CHANGE,NONE,True,nan,3.6,True,16.868007004812313
6.0,29.924822700224706,1.185106271997998,0.17235990536950632,5.0,0.0,0.01424519758489636,LANE_CHANGE,NONE,True,nan,3.6,True,17.075177299775294
6.1000000000000005,30.417414084480242,1.2708601532933257,0.17474220657939418,5.0,0.0,0.011746454246648776,LANE_CHANGE,NONE,True,nan,3.6,True,17.28258591551976
6.2,30.90979977953803,1.3577872911874211,0.1767065869358945,5.0,0.0,0.009257822853471244,LANE_CHANGE,NONE,True,nan,3.6,True,17.49020022046197
6.300000000000001,31.402013766737273,1.4456814935299125,0.17825476207806112,5.0,0.0,0.0067803895837884,LANE_CHANGE,NONE,True,nan,3.6,True,17.697986233262736
6.4,31.894091088491155,1.5343376236931752,0.17938862386605323,5.0,0.0,0.00431476785711495,LANE_CHANGE,NONE,True,nan,3.6,True,17.90590891150885
6.5,32.38606757015057,1.623551644418718,0.18011016143020778,5.0,0.0,0.0018611519055153768,LANE_CHANGE,NONE,True,nan,3.6,True,18.113932429849427
6.6000000000000005,32.877979552482856,1.7131206214025145,0.18042139120520076,5.0,0.0,-0.0005806312146441285,LANE_CHANGE,NONE,True,nan,3.6,True,18.322020447517147
6.7,33.36986363445876,1.8028426917014135,0.1803242956734459,5.0,0.0,-0.0030110713825238274,LANE_CHANGE,NONE,True,nan,3.6,True,18.53013636554124
6.800000000000001,33.861756425728146,1.8925170018309572,0.17982077050913697,5.0,0.0,-0.005430927062893285,LANE_CHANGE,NONE,True,nan,3.6,True,18.738243574271863
6.9,34.353694307910715,1.9819436202045164,0.178912579797008,5.0,0.0,-0.00784117888866604,LANE_CHANGE,NONE,True,nan,3.6,True,18.94630569208929
7.0,34.84571320362862,2.070923428343952,0.17760131899513648,5.0,0.0,-0.01024298515639989,LANE_CHANGE,NONE,True,nan,3.6,True,19.15428679637138
7.1000000000000005,35.337848352057875,2.159257995080388,0.17588838531646034,5.0,0.0,-0.01263763916670674,LANE_CHANGE,NONE,True,nan,3.6,True,19.362151647942127
7.2,35.830134089670516,2.2467494377658235,0.17377495521693656,5.0,0.0,-0.015026528304562602,LANE_CHANGE,NONE,True,nan,3.6,True,19.569865910329483
7.300000000000001,36.32260363477585,2.3332002743363485,0.17126196869751323,5.0,0.0,-0.017411094727881604,LANE_CHANGE,NONE,True,nan,3.6,True,19.777396365224156
7.4,36.81528887444272,2.4184132699086103,0.16835012015061887,5.0,0.0,-0.019792797515414174,LANE_CHANGE,NONE,True,nan,3.6,True,19.984711125557283
7.5,37.30822015239269,2.502191281454644,0.16503985550816708,5.0,0.0,-0.022173076116265525,LANE_CHANGE,NONE,True,nan,3.6,True,20.191779847607307
7.6000000000000005,37.80142605649409,2.584337103987061,0.1613313754757363,5.0,0.0,-0.02455331494249585,LANE_CHANGE,NONE,True,nan,3.6,True,20.398573943505916
7.7,38.29493320455667,2.66465332159678,0.15722464466532146,5.0,0.0,-0.026934808953045324,LANE_CHANGE,NONE,True,nan,3.6,True,20.605066795443328
7.800000000000001,38.78876602722567,2.742942166618076,0.1527194064656252,5.0,0.0,-0.029318730091393838,LANE_CHANGE,NONE,True,nan,3.6,True,20.81123397277434
7.9,39.2829465469005,2.8190053901490173,0.1478152035130515,5.0,0.0,-0.03170609446087169,LANE_CHANGE,NONE,True,nan,3.6,True,21.017053453099507
8.0,39.77749415175847,2.8926441471268647,0.1425114036471775,5.0,0.0,-0.0340977301504822,LANE_CHANGE,NONE,True,nan,3.6,True,21.222505848241532
8.1,40.27242536414649,2.963658899144443,0.1368072312502812,5.0,0.0,-0.03649424566051882,LANE_CHANGE,NONE,True,nan,3.6,True,21.427574635853503
8.200000000000001,40.767753602815226,3.031849338190749,0.13070180388024408,5.0,0.0,-0.03889599892136785,LANE_CHANGE,NONE,True,nan,3.6,True,21.63224639718478
8.3,41.26348893871104,3.0970143345021572,0.12419417410853761,5.0,0.0,-0.04130306695065853,LANE_CHANGE,NONE,True,nan,3.6,True,21.836511061288967
8.4,41.759637844312145,3.158951911713635,0.11728337646874139,5.0,0.0,-0.0437152162533722,LANE_CHANGE,NONE,True,nan,3.6,True,22.04036215568786
8.5,42.25620293679714,3.217459252495528,0.10996847940480377,5.0,0.0,-0.04600111589507217,LANE_CHANGE,NONE,True,nan,3.6,True,22.243797063202862
8.6,42.75318271566729,3.272332737842947,0.10227055447532175,5.0,0.0,-0.047430124639402514,LANE_CHANGE,NONE,True,nan,3.6,True,22.446817284332695
8.700000000000001,43.25057017738326,3.323378922105298,0.09433314256782042,5.0,0.0,-0.047994802125485445,LANE_CHANGE,NONE,True,nan,3.6,True,22.649429822616746
8.8,43.74834714118908,3.3704755706512093,0.08630108769523859,5.0,0.0,-0.0478155231505678,LANE_CHANGE,NONE,True,nan,3.6,True,22.85165285881093
8.9,44.24648632711126,3.4135725711128018,0.07829908149052067,5.0,0.0,-0.04700551790096596,LANE_CHANGE,NONE,True,nan,3.6,True,23.053513672888748
9.0,44.74495442345337,3.4526821214691306,0.07043283259707847,5.0,0.0,-0.04567023728454978,LANE_CHANGE,NONE,True,nan,3.6,True,23.255045576546628
9.1,45.24371474008704,3.487869428150391,0.06279035494757731,5.0,0.0,-0.04390693026437038,LANE_CHANGE,NONE,True,nan,3.6,True,23.456285259912946
9.200000000000001,45.742729406715895,3.519243979769446,0.05544333707079921,5.0,0.0,-0.04180441305286662,LANE_CHANGE,NONE,True,nan,3.6,True,23.65727059328411
9.3,46.24196111264876,3.5469514479208084,0.04844855735888486,5.0,0.0,-0.03944300788880052,LANE_CHANGE,NONE,True,nan,3.6,True,23.85803888735125
9.4,46.741374411746456,3.5711662509214106,0.04184931402717488,5.0,0.0,-0.03689462795070984,LANE_CHANGE,NONE,True,nan,3.6,True,24.05862558825354
9.5,47.24093663437325,3.592084800684207,0.03567684286327588,5.0,0.0,-0.034222984775279956,LANE_CHANGE,NONE,True,nan,3.6,True,24.25906336562675
9.600000000000001,47.74061845884503,3.6099194381225232,0.029951700415856555,5.0,0.0,-0.031483895233442784,LANE_CHANGE,NONE,True,nan,3.6,True,24.45938154115499
9.700000000000001,48.24039419952167,3.6248930492808062,0.024685094728079872,5.0,0.0,-0.028725666490459965,LANE_CHANGE,NONE,True,nan,3.6,True,24.65960580047834
9.8,48.740241868781744,3.637234343186471,0.019880149874061143,5.0,0.0,-0.025989539235674073,LANE_CHANGE,NONE,True,nan,3.6,True,24.859758131218264
9.9,49.240143066946096,3.647173763383109,0.015533094286245039,5.0,0.0,-0.012108206373896337,LANE_FOLLOW,NONE,True,nan,3.6,True,25.0598569330539
10.0,49.74008274890436,3.6549399982151103,0.013508211655602455,5.0,0.0,-0.011361945149280881,LANE_FOLLOW,NONE,True,nan,3.6,True,25.259917251095636
10.100000000000001,50.24003713165249,3.6616938986391645,0.011608139064731026,5.0,0.0,-0.010629752867898848,LANE_FOLLOW,NONE,True,nan,3.6,True,25.459962868347525
10.200000000000001,50.740003444807634,3.6674978378237513,0.00983052146544134,5.0,0.0,-0.009913956313793172,LANE_FOLLOW,NONE,True,nan,3.6,True,25.65999655519237
10.3,51.239979285214126,3.672413019389083,0.008172614922071657,5.0,0.0,-0.009216578990002996,LANE_FOLLOW,NONE,True,nan,3.6,True,25.860020714785882
10.4,51.7399625873984,3.6764992813617448,0.00663133733556444,5.0,0.0,-0.008539359785473885,LANE_FOLLOW,NONE,True,nan,3.6,True,26.060037412601595
10.5,52.23995159377998,3.679814925728694,0.0052033160384415845,5.0,0.0,-0.007883771317016695,LANE_FOLLOW,NONE,True,nan,3.6,True,26.260048406220022
10.600000000000001,52.7399448251708,3.6824165720081665,0.0038849323165924205,5.0,0.0,-0.007251037877300535,LANE_FOLLOW,NONE,True,nan,3.6,True,26.460055174829215
10.700000000000001,53.23994105200077,3.6843590332802902,0.00267236292519173,5.0,0.0,-0.0066421529301404,LANE_FOLLOW,NONE,True,nan,3.6,True,26.660058947999232
10.8,53.73993926662094,3.6856952131524916,0.001561618675727155,5.0,0.0,-0.006057896103683658,LANE_FOLLOW,NONE,True,nan,3.6,True,26.860060733379072
10.9,54.23993865695784,3.6864760221730015,0.0005485801792041375,5.0,0.0,-0.005498849640569858,LANE_FOLLOW,NONE,True,nan,3.6,True,27.060061343042157
11.0,54.73993858172279,3.6867503122488463,-0.00037096916273272667,5.0,0.0,-0.0049654142717879225,LANE_FOLLOW,NONE,True,nan,3.6,True,27.26006141827721
11.100000000000001,55.23993854731826,3.6865648276717344,-0.001201312821625856,5.0,0.0,-0.004457824487846682,LANE_FOLLOW,NONE,True,nan,3.6,True,27.460061452681757
11.200000000000001,55.73993818653018,3.6859641714053946,-0.0019467733595868526,5.0,0.0,-0.00397616318706686,LANE_FOLLOW,NONE,True,nan,3.6,True,27.660061813469824
11.3,56.23993723904885,3.684990785340445,-0.0026116870956089193,5.0,0.0,-0.003520375686354414,LANE_FOLLOW,NONE,True,nan,3.6,True,27.86006276095116
11.4,56.73993553382245,3.683684943277147,-0.003200381113861635,5.0,0.0,-0.0030902830847817143,LANE_FOLLOW,NONE,True,nan,3.6,True,28.06006446617755
11.5,57.23993297321481,3.682084755451857,-0.0037171525055113776,5.0,0.0,-0.0026855949747365813,LANE_FOLLOW,NONE,True,nan,3.6,True,28.260067026785187
11.600000000000001,57.7399295189131,3.6802261834791588,-0.004166249734826067,5.0,0.0,-0.0023059214993485146,LANE_FOLLOW,NONE,True,nan,3.6,True,28.460070481086916
11.700000000000001,58.239925179510166,3.678143064638095,-0.004551856020182141,5.0,0.0,-0.0019507847584095308,LANE_FOLLOW,NONE,True,nan,3.6,True,28.66007482048984
11.8,58.7399199996708,3.6758671444873037,-0.004878074621022198,5.0,0.0,-0.0016196295681159011,LANE_FOLLOW,NONE,True,nan,3.6,True,28.860080000329205
11.9,59.239914050779596,3.6734281168498453,-0.0051489159227481925,5.0,0.0,-0.0013118335827009954,LANE_FOLLOW,NONE,True,nan,3.6,True,29.0600859492204
12.0,59.73990742296044,3.6708536702638423,-0.005368286212918125,5.0,0.0,-0.0010267167884418036,LANE_FOLLOW,NONE,True,nan,3.6,True,29.260092577039558
12.100000000000001,60.239900218353526,3.6681695400495262,-0.005539978043890068,5.0,0.0,-0.0007635503826316255,LANE_FOLLOW,NONE,True,nan,3.6,True,29.46009978164649
12.200000000000001,60.73989254553397,3.6653995651966795,-0.00566766207917724,5.0,0.0,-0.0005215650519444264,LANE_FOLLOW,NONE,True,nan,3.6,True,29.660107454466036
12.3,61.239884514957104,3.662565749328639,-0.00575488032319701,5.0,0.0,-0.00029995866619605206,LANE_FOLLOW,NONE,True,nan,3.6,True,29.860115485042904
12.4,61.73987623531807,3.659688325049835,-0.005805040636774323,5.0,0.0,-9.790340485453418e-05,LANE_FOLLOW,NONE,True,nan,3.6,True,30.060123764681926
12.5,62.239867810717534,3.6567858210331825,-0.005821412443658493,5.0,0.0,8.544766521525573e-05,LANE_FOLLOW,NONE,True,nan,3.6,True,30.260132189282466
12.600000000000001,62.73985933853075,3.653875131251403,-0.0058071235363970864,5.0,0.0,0.0002509545413504088,LANE_FOLLOW,NONE,True,nan,3.6,True,30.460140661469268
12.700000000000001,63.2398509078835,3.6509715858024925,-0.005765157893149824,5.0,0.0,0.0003994847458548121,LANE_FOLLOW,NONE,True,nan,3.6,True,30.660149092116505
12.8,63.73984259864513,3.648089022823959,-0.005698354420389655,5.0,0.0,0.0005319082751642406,LANE_FOLLOW,NONE,True,nan,3.6,True,30.860157401354876
12.9,64.23983448085633,3.6452398610331267,-0.005609406539900043,5.0,0.0,0.0006490930162103173,LANE_FOLLOW,NONE,True,nan,3.6,True,31.060165519143666
13.0,64.73982661451653,3.6424351724716915,-0.005500862542012194,5.0,0.0,0.0007519006084886206,LANE_FOLLOW,NONE,True,nan,3.6,True,31.26017338548347
13.100000000000001,65.23981904966342,3.6396847550717717,-0.005375126630609944,5.0,0.0,0.0008411827301713428,LANE_FOLLOW,NONE,True,nan,3.6,True,31.460180950336593
13.200000000000001,65.73981182668425,3.636997204697955,-0.005234460589042199,5.0,0.0,0.0009177777865595556,LANE_FOLLOW,NONE,True,nan,3.6,True,31.66018817331576
13.3,66.23980497680547,3.6343799863552517,-0.005080985999703409,5.0,0.0,0.0009825079792321612,LANE_FOLLOW,NONE,True,nan,3.6,True,31.860195023194535
13.4,66.73979852271468,3.6318395042864577,-0.004916686953653613,5.0,0.0,0.0010361767344092946,LANE_FOLLOW,NONE,True,nan,3.6,True,32.06020147728532
13.5,67.2397924792742,3.629381170714207,-0.004743413190234873,5.0,0.0,0.001079566469297231,LANE_FOLLOW,NONE,True,nan,3.6,True,32.2602075207258
13.600000000000001,67.73978685429257,3.627009473012967,-0.004562883610185382,5.0,0.0,0.0011134366755109965,LANE_FOLLOW,NONE,True,nan,3.6,True,32.46021314570744
13.700000000000001,68.2397816493249,3.624728039124434,-0.004376690109242961,5.0,0.0,0.0011385222990711054,LANE_FOLLOW,NONE,True,nan,3.6,True,32.66021835067511
13.8,68.73977686047846,3.6225397010562492,-0.004186301682654093,5.0,0.0,0.0011555323969339735,LANE_FOLLOW,NONE,True,nan,3.6,True,32.86022313952155
13.9,69.2397724792044,3.6204465563287043,-0.003993068754352349,5.0,0.0,0.0011651490505337097,LANE_FOLLOW,NONE,True,nan,3.6,True,33.06022752079559
14.0,69.73976849306018,3.6184500272571802,-0.0037982276878319433,5.0,0.0,0.0011680265173794311,LANE_FOLLOW,NONE,True,nan,3.6,True,33.26023150693982
14.100000000000001,70.23976488643113,3.6165509179795325,-0.0036029054389099075,5.0,0.0,0.0011647906023579927,LANE_FOLLOW,NONE,True,nan,3.6,True,33.460235113568885
14.200000000000001,70.73976164120275,3.614749469157496,-0.0034081243136373594,5.0,0.0,0.0011560382310335693,LANE_FOLLOW,NONE,True,nan,3.6,True,33.66023835879726
14.3,71.23975873737773,3.613045410299544,-0.0032148067975805465,5.0,0.0,0.0011423372079032664,LANE_FOLLOW,NONE,True,nan,3.6,True,33.86024126262228
14.4,71.73975615363426,3.6114380096695,-0.0030237804255412166,5.0,0.0,0.0011242261432586325,LANE_FOLLOW,NONE,True,nan,3.6,True,34.060243846365736
14.5,72.23975386782399,3.6099261217606595,-0.00283578266351956,5.0,0.0,0.0011022145330096648,LANE_FOLLOW,NONE,True,nan,3.6,True,34.26024613217601
14.600000000000001,72.73975185740952,3.6085082323292665,-0.0026514657773387016,5.0,0.0,0.0010767829765463734,LANE_FOLLOW,NONE,True,nan,3.6,True,34.4602481425905
14.700000000000001,73.23975009984285,3.6071825009939733,-0.0024714016648454914,5.0,0.0,0.0010483835184379414,LANE_FOLLOW,NONE,True,nan,3.6,True,34.660249900157154
14.8,73.73974857288708,3.605946801419458,-0.0022960866309769826,5.0,0.0,0.0010174401004972486,LANE_FOLLOW,NONE,True,nan,3.6,True,34.86025142711293
14.9,74.23974725488421,3.604798759112719,-0.002125946087235051,5.0,0.0,0.0009843491114651535,LANE_FOLLOW,NONE,True,nan,3.6,True,35.06025274511579
15.0,74.73974612497294,3.603735786869812,-0.001961339159243179,5.0,0.0,0.0009494800222898611,LANE_FOLLOW,NONE,True,nan,3.6,True,35.26025387502706
15.100000000000001,75.23974516326042,3.6027551179189383,-0.001802563188070502,5.0,0.0,0.0009131760956905313,LANE_FOLLOW,NONE,True,nan,3.6,True,35.460254836739594
15.200000000000001,75.73974435095214,3.601853836812982,-0.0016498581128998892,5.0,0.0,0.0008757551593964474,LANE_FOLLOW,NONE,True,nan,3.6,True,35.66025564904787
15.3,76.23974367044434,3.6010289081307794,-0.001503410724391114,5.0,0.0,0.0008375104331425233,LANE_FOLLOW,NONE,True,nan,3.6,True,35.86025632955567
15.4,76.7397431053835,3.6002772030517565,-0.0013633587797491173,5.0,0.0,0.000798711400174659,LANE_FOLLOW,NONE,True,nan,3.6,True,36.0602568946165
15.5,77.23974264069678,3.5995955238730604,-0.0012297949720538007,5.0,0.0,0.0007596047146749488,LANE_FOLLOW,NONE,True,nan,3.6,True,36.260257359303225
15.600000000000001,77.7397422625979,3.598980626542028,-0.0011027707478444165,5.0,0.0,0.0007204151371531187,LANE_FOLLOW,NONE,True,nan,3.6,True,36.46025773740212
15.700000000000001,78.2397419585721,3.5984292412798626,-0.000982299968281795,5.0,0.0,0.0006813464904661659,LANE_FOLLOW,NONE,True,nan,3.6,True,36.66025804142791
15.8,78.7397417173438,3.597938091374708,-0.0008683624104388681,5.0,0.0,0.0006425826297231837,LANE_FOLLOW,NONE,True,nan,3.6,True,36.860258282656204
15.9,79.23974152883049,3.5975039102240545,-0.0007609071063976221,5.0,0.0,0.0006042884199032924,LANE_FOLLOW,NONE,True,nan,3.6,True,37.060258471169504
16.0,79.73974138408559,3.597123456707568,-0.0006598555188628069,5.0,0.0,0.0005666107155628976,LANE_FOLLOW,NONE,True,nan,3.6,True,37.26025861591441
16.1,80.23974127523327,3.596793528972079,-0.0005651045529431979,5.0,0.0,0.0005296793375326965,LANE_FOLLOW,NONE,True,nan,3.6,True,37.460258724766746
16.2,80.73974119539749,3.596510976710646,-0.0004765294046040091,5.0,0.0,0.0004936080420048433,LANE_FOLLOW,NONE,True,nan,3.6,True,37.660258804602506
16.3,81.23974113862742,3.5962727120173614,-0.00039398624706322885,5.0,0.0,0.0004584954778858075,LANE_FOLLOW,NONE,True,nan,3.6,True,37.860258861372586
16.400000000000002,81.73974109982113,3.596075718898926,-0.0003173147570943615,5.0,0.0,0.0004244261287413201,LANE_FOLLOW,NONE,True,nan,3.6,True,38.06025890017888
16.5,82.23974107464896,3.5959170615230414,-0.0002463404838123635,5.0,0.0,0.0003914712360863821,LANE_FOLLOW,NONE,True,nan,3.6,True,38.26025892535104
16.6,82.73974105947805,3.595793891282381,-0.00018087706306253013,5.0,0.0,0.0003596897011749275,LANE_FOLLOW,NONE,True,nan,3.6,True,38.46025894052197
16.7,83.23974105129892,3.5957034527513425,-0.00012072828100788996,5.0,0.0,0.0003291289628219677,LANE_FOLLOW,NONE,True,nan,3.6,True,38.66025894870107
16.8,83.73974104765509,3.595643088610985,-6.568999092321397e-05,5.0,0.0,0.00029982584914546963,LANE_FOLLOW,NONE,True,nan,3.6,True,38.86025895234492
16.900000000000002,84.2397410465763,3.595610243615547,-1.555188755702576e-05,5.0,0.0,0.0002718074014464481,LANE_FOLLOW,NONE,True,nan,3.6,True,39.06025895342371
17.0,84.73974104651583,3.595602467671769,2.990085627910999e-05,5.0,0.0,0.0002450916687543428,LANE_FOLLOW,NONE,True,nan,3.6,True,39.26025895348417
17.1,85.23974104629232,3.595617418099906,7.088608598845599e-05,5.0,0.0,0.0002196884718516788,LANE_FOLLOW,NONE,True,nan,3.6,True,39.460258953707694
17.2,85.73974104503611,3.5956528611428706,0.00010762328923025458,5.0,0.0,0.00019560013585708972,LANE_FOLLOW,NONE,True,nan,3.6,True,39.66025895496388
17.3,86.23974104214042,3.595706672787382,0.00014033234246630896,5.0,0.0,0.00017282219069080542,LANE_FOLLOW,NONE,True,nan,3.6,True,39.860258957859585
17.400000000000002,86.73974103721713,3.595776838958385,0.0001692323746421275,5.0,0.0,0.00015134403897140724,LANE_FOLLOW,NONE,True,nan,3.6,True,40.06025896278288
17.5,87.23974103005723,3.595861455145302,0.00019454074255632816,5.0,0.0,0.00013114959109824186,LANE_FOLLOW,NONE,True,nan,3.6,True,40.26025896994277
17.6,87.7397410205957,3.595958725515967,0.00021647211243093945,5.0,0.0,0.00011221786746183252,LANE_FOLLOW,NONE,True,nan,3.6,True,40.460258979404315
17.7,88.23974100888066,3.596066961571337,0.00023523764218560166,5.0,0.0,9.452356789379066e-05,LANE_FOLLOW,NONE,True,nan,3.6,True,40.66025899111932
17.8,88.73974099504647,3.5961845803913453,0.0002510442589373247,5.0,0.0,7.803760862149131e-05,LANE_FOLLOW,NONE,True,nan,3.6,True,40.86025900495355
17.900000000000002,89.23974097929067,3.5963101025194955,0.00026409402629182374,5.0,0.0,6.27276271297193e-05,LANE_FOLLOW,NONE,True,nan,3.6,True,41.06025902070934
18.0,89.73974096185425,3.5964421495311063,0.0002745835960597154,5.0,0.0,4.855845545402965e-05,LANE_FOLLOW,NONE,True,nan,3.6,True,41.26025903814575
