t,x,y,yaw,v,a,delta,state,signal,clear,distance_to_line,agent_y
0.0,0.0,1.0,0.1,5.0,0.0,-0.1174779770383057,LANE_FOLLOW,NONE,True,nan,
0.1,0.49750208263901297,1.049916708323414,0.08026397691340291,5.0,0.0,-0.10889167720402732,LANE_FOLLOW,NONE,True,nan,
0.2,0.9958923706080851,1.0900056202331345,0.06198235166217339,5.0,0.0,-0.10055973978516014,LANE_FOLLOW,NONE,True,nan,
0.30000000000000004,1.4949322250792925,1.1209769561642218,0.04510942881768657,5.0,0.0,-0.09250208182402841,LANE_FOLLOW,NONE,True,nan,
0.4,1.9944235961950756,1.1435240220681255,0.029596582078308568,5.0,0.0,-0.08473488496260133,LANE_FOLLOW,NONE,True,nan,
0.5,2.494204622762384,1.1583201527558094,0.015392858341879506,5.0,0.0,-0.07727093037133997,LANE_FOLLOW,NONE,True,nan,
0.6000000000000001,2.994145388909988,1.166016277998249,0.0024455191727448047,5.0,0.0,-0.0701199236905553,LANE_FOLLOW,NONE,True,nan,
0.7000000000000001,3.494143893769727,1.1672390363658232,-0.009299476166297555,5.0,0.0,-0.06328880395869446,LANE_FOLLOW,NONE,True,nan,
0.8,3.9941222738612936,1.1625893653008086,-0.019897041398738234,5.0,0.0,-0.0567820328773518,LANE_FOLLOW,NONE,True,nan,
0.9,4.494023304062368,1.1526415010121638,-0.029402582738704955,5.0,0.0,-0.05060186257331533,LANE_FOLLOW,NONE,True,nan,
1.0,4.993807191664425,1.137942327791404,-0.03787166239797606,5.0,0.0,-0.044748581352453055,LANE_FOLLOW,NONE,True,nan,
1.1,5.493448668815634,1.1190110227609043,-0.045359701530481494,5.0,0.0,-0.03922073788419968,LANE_FOLLOW,NONE,True,nan,
1.2000000000000002,5.992934381372948,1.0963389485039727,-0.05192171840544989,5.0,0.0,-0.03401534488662092,LANE_FOLLOW,NONE,True,nan,
1.3,6.49226056655895,1.0703897522236532,-0.057612098011007515,5.0,0.0,-0.029128063768670227,LANE_FOLLOW,NONE,True,nan,
1.4000000000000001,6.991431007590546,1.0415996358584574,-0.062484389718361476,5.0,0.0,-0.024553371886407358,LANE_FOLLOW,NONE,True,nan,
1.5,7.490455250383566,1.0103777668424374,-0.0665911300569126,5.0,0.0,-0.020284714132055633,LANE_FOLLOW,NONE,True,nan,
1.6,7.9893470653331535,0.977106803882122,-0.06998368804542439,5.0,0.0,-0.01631464053847649,LANE_FOLLOW,NONE,True,nan,
1.7000000000000002,8.488123135845711,0.9421435162213093,-0.07271213088292847,5.0,0.0,-0.012634931478815845,LANE_FOLLOW,NONE,True,nan,
1.8,8.986801954601617,0.9058194783921535,-0.07482510811952767,5.0,0.0,-0.009236711896909968,LANE_FOLLOW,NONE,True,nan,
1.9000000000000001,9.485402908331096,0.8684418254421025,-0.07636975269950297,5.0,0.0,-0.006110555838025548,LANE_FOLLOW,NONE,True,nan,
2.0,9.983945532081902,0.8302940561277253,-0.07739159749765642,5.0,0.0,-0.0032465823763749104,LANE_FOLLOW,NONE,True,nan,
2.1,10.482448914459054,0.7916368736315814,-0.07793450615703278,5.0,0.0,-0.0006345438663528031,LANE_FOLLOW,NONE,True,nan,
2.2,10.980931236051225,0.7527090550428103,-0.07804061718571477,5.0,0.0,0.0017360927139047659,LANE_FOLLOW,NONE,True,nan,
2.3000000000000003,11.479409424166185,0.7137283422013694,-0.07775030038669943,5.0,0.0,0.00387607070037222,LANE_FOLLOW,NONE,True,nan,
2.4000000000000004,11.977898908029932,0.6748923475925702,-0.07710212478272738,5.0,0.0,0.0057962744596931955,LANE_FOLLOW,NONE,True,nan,
2.5,12.476413459720586,0.6363794698415377,-0.07613283726221698,5.0,0.0,0.0075076654854359165,LANE_FOLLOW,NONE,True,nan,
2.6,12.974965107275425,0.5983498140403639,-0.07487735121786235,5.0,0.0,0.00902122355900888,LANE_FOLLOW,NONE,True,nan,
2.7,13.47356410760008,0.5609461126826776,-0.07336874448038057,5.0,0.0,0.010347892725533605,LANE_FOLLOW,NONE,True,nan,
2.8000000000000003,13.972218968000005,0.5242946434142923,-0.0716382658702989,5.0,0.0,0.011498531883366362,LANE_FOLLOW,NONE,True,nan,
2.9000000000000004,14.470936506327051,0.48850614016239857,-0.06971534970401654,5.0,0.0,0.012483869819523978,LANE_FOLLOW,NONE,True,nan,
3.0,14.969721940872816,0.45367669450224885,-0.0676276375995798,5.0,0.0,0.013314464544295246,LANE_FOLLOW,NONE,True,nan,
3.1,15.46857900223286,0.41988864437764783,-0.06540100693505813,5.0,0.0,0.014000666789152922,LANE_FOLLOW,NONE,True,nan,
3.2,15.967510060401999,0.38721144752382325,-0.0630596053199663,5.0,0.0,0.014552587534985457,LANE_FOLLOW,NONE,True,nan,
3.3000000000000003,16.46651626133302,0.3557025371588354,-0.06062589044922597,5.0,0.0,0.014980069434738223,LANE_FOLLOW,NONE,True,nan,
3.4000000000000004,16.96559766809389,0.32540815771988724,-0.058120674720646526,5.0,0.0,0.015292661987670484,LANE_FOLLOW,NONE,True,nan,
3.5,17.464753402588183,0.29636417862847186,-0.05556317401140408,5.0,0.0,0.015499600313210059,LANE_FOLLOW,NONE,True,nan,
3.6,17.963981784558136,0.2685968842759128,-0.052971060026765486,5.0,0.0,0.015609787362171793,LANE_FOLLOW,NONE,True,nan,
3.7,18.46328046526898,0.2421237386295826,-0.05036051565534339,5.0,0.0,0.015631779392973045,LANE_FOLLOW,NONE,True,nan,
3.8000000000000003,18.9626465538779,0.21695412306978532,-0.04774629278928486,5.0,0.0,0.01557377453125163,LANE_FOLLOW,NONE,True,nan,
3.9000000000000004,19.4620767350232,0.19309004627697268,-0.04514177209465092,5.0,0.0,0.015443604223556055,LANE_FOLLOW,NONE,True,nan,
4.0,19.96156737663173,0.17052682519710763,-0.0425590242464034,5.0,0.0,0.01524872738991981,LANE_FOLLOW,NONE,True,nan,
4.1000000000000005,20.46111462733934,0.14925373631775282,-0.04000887217338845,5.0,0.0,0.014996227076357617,LANE_FOLLOW,NONE,True,nan,
4.2,20.960714503254014,0.12925463668692472,-0.03750095389098122,5.0,0.0,0.014692809406701373,LANE_FOLLOW,NONE,True,nan,
4.3,21.460362964069322,0.11050855429902551,-0.035043785532126316,5.0,0.0,0.014344804633679096,LANE_FOLLOW,NONE,True,nan,
4.4,21.960055978761687,0.09299024765552348,-0.032644824220893036,5.0,0.0,0.013958170091602398,LANE_FOLLOW,NONE,True,nan,
4.5,22.459789581283818,0.07667073448100158,-0.030310530465921543,5.0,0.0,0.013538494857276975,LANE_FOLLOW,NONE,True,nan,
4.6000000000000005,22.959559916803617,0.061517789736512285,-0.028046429783875115,5.0,0.0,0.013091005931559648,LANE_FOLLOW,NONE,True,nan,
4.7,23.459363279137854,0.04749641322093908,-0.025857173294898488,5.0,0.0,0.01262057576110649,LANE_FOLLOW,NONE,True,nan,
4.800000000000001,23.959196140097802,0.03456926718663701,-0.02374659706283408,5.0,0.0,0.012131730928039467,LANE_FOLLOW,NONE,True,nan,
4.9,24.459055171504332,0.022697084517657076,-0.021717779982343664,5.0,0.0,0.011628661844255827,LANE_FOLLOW,NONE,True,nan,
5.0,24.958937260647108,0.01183904812725721,-0.019773100042953812,5.0,0.0,0.011115233296685787,LANE_FOLLOW,NONE,True,nan,
5.1000000000000005,25.45883951996036,0.0019531423263018984,-0.017914288826268124,5.0,0.0,0.010594995699756617,LANE_FOLLOW,NONE,True,nan,
5.2,25.958759291669942,-0.007003523004118353,-0.016142484117091883,5.0,0.0,0.010071196921458761,LANE_FOLLOW,NONE,True,nan,
5.300000000000001,26.458694148136182,-0.015074414533466588,-0.014458280531956448,5.0,0.0,0.009546794559568228,LANE_FOLLOW,NONE,True,nan,
5.4,26.958641888577574,-0.022303302936570214,-0.01286177808950585,5.0,0.0,0.009024468554622994,LANE_FOLLOW,NONE,True,nan,
5.5,27.45860053281378,-0.02873401467745991,-0.011352628666437244,5.0,0.0,0.008506634036066375,LANE_FOLLOW,NONE,True,nan,
5.6000000000000005,27.958568312615423,-0.03441020708217222,-0.009930080300212769,5.0,0.0,0.007995454307468723,LANE_FOLLOW,NONE,True,nan,
5.7,28.458543661194298,-0.03937516563514664,-0.008593019315642013,5.0,0.0,0.007492853885851684,LANE_FOLLOW,NONE,True,nan,
5.800000000000001,28.95852520131265,-0.043671622417464306,-0.007340010266743228,5.0,0.0,0.007000531518817357,LANE_FOLLOW,NONE,True,nan,
5.9,29.45851173243544,-0.04734159459687774,-0.006169333698107958,5.0,0.0,0.0065199731113954485,LANE_FOLLOW,NONE,True,nan,
6.0,29.95850221729605,-0.0504262418785502,-0.005079021741403487,5.0,0.0,0.006052464502244453,LANE_FOLLOW,NONE,True,nan,
6.1000000000000005,30.458495768194453,-0.05296574183086681,-0.004066891572739146,5.0,0.0,0.005599104036071699,LANE_FOLLOW,NONE,True,nan,
6.2,30.958491633298387,-0.054999182011841966,-0.003130576765485105,5.0,0.0,0.005160814885871332,LANE_FOLLOW,NONE,True,nan,
6.300000000000001,31.458489183172667,-0.0565644678378148,-0.0022675565808543837,5.0,0.0,0.004738357084829274,LANE_FOLLOW,NONE,True,nan,
6.4,31.958487897720005,-0.05769824515662961,-0.0014751832452262591,5.0,0.0,0.004332339233522679,LANE_FOLLOW,NONE,True,nan,
6.5,32.4584873536787,-0.05843583651172251,-0.0007507072688850785,5.0,0.0,0.003943229853367047,LANE_FOLLOW,NONE,True,nan,
6.6000000000000005,32.958487212788356,-0.058811190110909246,-9.1300865651707e-05,5.0,0.0,0.003571368362157616,LANE_FOLLOW,NONE,True,nan,
6.7,33.45848721070439,-0.05885684054367168,0.000505920463129632,5.0,0.0,0.0032169756520352122,LANE_FOLLOW,NONE,True,nan,
6.800000000000001,33.95848714671551,-0.058603880322897955,0.001043878113548073,5.0,0.0,0.0028801642543035163,LANE_FOLLOW,NONE,True,nan,
6.9,34.45848687429516,-0.058081941360915136,0.0015255122637682086,5.0,0.0,0.0025609480792584114,LANE_FOLLOW,NONE,True,nan,
7.0,34.95848629249836,-0.05731918552487711,0.001953765387161865,5.0,0.0,0.0022592517225830857,LANE_FOLLOW,NONE,True,nan,
7.1000000000000005,35.45848533819886,-0.05634230345278869,0.002331567321358459,5.0,0.0,0.001974919332937849,LANE_FOLLOW,NONE,True,nan,
7.2,35.958483979147935,-0.05517652084834923,0.0026618218197762976,5.0,0.0,0.0017077230381519091,LANE_FOLLOW,NONE,True,nan,
7.300000000000001,36.45848220782513,-0.05384561151011002,0.00294739451178995,5.0,0.0,0.0014573709299263912,LANE_FOLLOW,NONE,True,nan,
7.4,36.9584800360431,-0.05237191638791514,0.0031911021976949493,5.0,0.0,0.0012235146092022889,LANE_FOLLOW,NONE,True,nan,
7.5,37.45847749026195,-0.05077636799701786,0.0033957034050079173,5.0,0.0,0.0010057562963521603,LANE_FOLLOW,NONE,True,nan,
7.6000000000000005,37.95847460756431,-0.04907851955744388,0.0035638901333482392,5.0,0.0,0.0008036555121364845,LANE_FOLLOW,NONE,True,nan,
7.7,38.458471432239456,-0.047296578262941,0.003698280716149816,5.0,0.0,0.0006167353369405992,LANE_FOLLOW,NONE,True,nan,
7.800000000000001,38.95846801292329,-0.04544744212006503,0.003801413728714187,5.0,0.0,0.00044448825719049475,LANE_FOLLOW,NONE,True,nan,
7.9,39.458464400241056,-0.043546739833476754,0.0038757428736076625,5.0,0.0,0.0002863816090489238,LANE_FOLLOW,NONE,True,nan,
8.0,39.95846064490005,-0.04160887324825406,0.003923632776095633,5.0,0.0,0.00014186263053022455,LANE_FOLLOW,NONE,True,nan,
8.1,40.458456796181444,-0.03964706189386165,0.003947355624169527,5.0,0.0,1.0363134054638984e-05,LANE_FOLLOW,NONE,True,nan,
8.200000000000001,40.9584529007824,-0.037673389207287994,0.0039490885897305655,5.0,0.0,-0.00010869618779792186,LANE_FOLLOW,NONE,True,nan,
8.3,41.45844900196229,-0.035698850044687376,0.0039309119696258835,5.0,0.0,-0.00021590180996826987,LANE_FOLLOW,NONE,True,nan,
8.4,41.95844513895004,-0.03373339912159741,0.0038948079874648596,5.0,0.0,-0.0003118437621824098,LANE_FOLLOW,NONE,True,nan,
8.5,42.45844134657252,-0.03178600005139489,0.0038426601994563337,5.0,0.0,-0.0003971123415796307,LANE_FOLLOW,NONE,True,nan,
8.6,42.95843765506771,-0.029864674680068586,0.0037762534498820416,5.0,0.0,-0.00047229513621770033,LANE_FOLLOW,NONE,True,nan,
8.700000000000001,43.45843409004942,-0.027976552442600573,0.003697274324240763,5.0,0.0,-0.0005379743447984284,LANE_FOLLOW,NONE,True,nan,
8.8,43.958430672593956,-0.02612791949223889,0.003607312050545451,5.0,0.0,-0.0005947243778742936,LANE_FOLLOW,NONE,True,nan,
8.9,44.45842741942243,-0.024324267378702816,0.003507859801717403,5.0,0.0,-0.0006431097257942632,LANE_FOLLOW,NONE,True,nan,
9.0,44.958424343155485,-0.022570341074883305,0.003400316354484033,5.0,0.0,-0.0006836830787168473,LANE_FOLLOW,NONE,True,nan,
9.1,45.45842145262044,-0.020870186173887077,0.0032859880626379076,5.0,0.0,-0.0007169836841539863,LANE_FOLLOW,NONE,True,nan,
9.200000000000001,45.958418753193484,-0.019227195099330775,0.0031660911049434435,5.0,0.0,-0.0007435359277036724,LANE_FOLLOW,NONE,True,nan,
9.3,46.458416247162354,-0.017644152191634226,0.003041753970374228,5.0,0.0,-0.0007638481228760515,LANE_FOLLOW,NONE,True,nan,
9.4,46.95841393409734,-0.01612327755170607,0.002914020145719484,5.0,0.0,-0.0007784114962110265,LANE_FOLLOW,NONE,True,nan,
9.5,47.458411811220486,-0.014666269540882217,0.002783850972905005,5.0,0.0,-0.000787699354219365,LANE_FOLLOW,NONE,True,nan,
9.600000000000001,47.95840987376518,-0.01327434585229246,0.002652128645625058,5.0,0.0,-0.000792166419048658,LANE_FOLLOW,NONE,True,nan,
9.700000000000001,48.45840811531962,-0.011948283084021575,0.0025196593170714113,5.0,0.0,-0.000792248320175015,LANE_FOLLOW,NONE,True,nan,
9.8,48.958406528149695,-0.010688454758528651,0.0023871762926686415,5.0,0.0,-0.0007883612298464331,LANE_FOLLOW,NONE,True,nan,
9.9,49.45840510349771,-0.009494867745826361,0.002255343283776974,5.0,0.0,-0.0007809016304497642,LANE_FOLLOW,NONE,True,nan,
10.0,49.958403831854916,-0.008367197059935046,0.0021247577003015578,5.0,0.0,-0.0007702462024360788,LANE_FOLLOW,NONE,True,nan,
10.100000000000001,50.45840270320652,-0.007304819009152512,0.0019959539620474104,5.0,0.0,-0.0007567518219149711,LANE_FOLLOW,NONE,True,nan,
10.200000000000001,50.95840170724879,-0.0063068426907574825,0.0018694068104801534,5.0,0.0,-0.0007407556575135291,LANE_FOLLOW,NONE,True,nan,
10.3,51.45840083357859,-0.0053721398299324775,0.0017455346042924533,5.0,0.0,-0.0007225753565868981,LANE_FOLLOW,NONE,True,nan,
10.4,51.95840007185602,-0.004499372970990664,0.001624702583833796,5.0,0.0,-0.0007025093113616151,LANE_FOLLOW,NONE,True,nan,
10.5,52.45839941194154,-0.0036870220364620494,0.0015072260910363132,5.0,0.0,-0.0006808369960874054,LANE_FOLLOW,NONE,True,nan,
10.600000000000001,52.958398844009025,-0.0029334092762781493,0.001393373732961799,5.0,0.0,-0.0006578193667654427,LANE_FOLLOW,NONE,True,nan,
10.700000000000001,53.458398358636515,-0.002236722635232367,0.0012833704785051585,5.0,0.0,-0.0006336993155088572,LANE_FOLLOW,NONE,True,nan,
10.8,53.95839794687662,-0.0015950375721266266,0.0011774006791180737,5.0,0.0,-0.0006087021720725666,LANE_FOLLOW,NONE,True,nan,
10.9,54.45839760030857,-0.0010063373685840816,0.0010756110056647267,5.0,0.0,-0.0005830362455624671,LANE_FOLLOW,NONE,True,nan,
11.0,54.95839731107384,-0.00046853196945307555,0.0009781132946903859,5.0,0.0,-0.0005568933997970811,LANE_FOLLOW,NONE,True,nan,
11.100000000000001,55.45839707189745,2.052459991158087e-05,0.0008849872984751819,5.0,0.0,-0.0005304496562465247,LANE_FOLLOW,NONE,True,nan,
11.200000000000001,55.958396876096835,0.00046301819138881733,0.0007962833342613671,5.0,0.0,-0.0005038658189129255,LANE_FOLLOW,NONE,True,nan,
11.3,56.45839671758006,0.0008611598164447436,0.000712024828984855,5.0,0.0,-0.00047728811594217055,LANE_FOLLOW,NONE,True,nan,
11.4,56.95839659083522,0.0012171722008553476,0.000632210756713136,5.0,0.0,-0.0004508488531682797,LANE_FOLLOW,NONE,True,nan,
11.5,57.45839649091261,0.001533277558154533,0.0005568179667941562,5.0,0.0,-0.0004246670751879667,LANE_FOLLOW,NONE,True,nan,
11.600000000000001,57.958396413401054,0.0018116865271650012,0.00048580340145696173,5.0,0.0,-0.0003988492299436914,LANE_FOLLOW,NONE,True,nan,
11.700000000000001,58.45839635439982,0.0020545882183391484,0.00041910620227745806,5.0,0.0,-0.00037348983315811294,LANE_FOLLOW,NONE,True,nan,
11.8,58.958396310487316,0.00226414131334321,0.00035664970553419287,5.0,0.0,-0.00034867212931112296,LANE_FOLLOW,NONE,True,nan,
11.9,59.458396278687566,0.002442466162329849,0.00029834332703239646,5.0,0.0,-0.000324468746182421,LANE_FOLLOW,NONE,True,nan,
12.0,59.95839625643538,0.002591637823633117,0.000244084337472345,5.0,0.0,-0.00030094234029762087,LANE_FOLLOW,NONE,True,nan,
12.100000000000001,60.45839624154109,0.0027136799911574683,0.00019375952988326498,5.0,0.0,-0.0002781462309144126,LANE_FOLLOW,NONE,True,nan,
12.200000000000001,60.9583962321554,0.002810559755492912,0.00014724678103922306,5.0,0.0,-0.00025612502046716166,LANE_FOLLOW,NONE,True,nan,
12.3,61.458396226735,0.0028841831457464776,0.0001044165091215367,5.0,0.0,-0.00023491519965390057,LANE_FOLLOW,NONE,True,nan,
12.4,61.9583962240093,0.0029363914002123767,6.513303019592173e-05,5.0,0.0,-0.0002145457355990372,LANE_FOLLOW,NONE,True,nan,
12.5,62.45839622294872,0.002968957915287311,2.9255816334571417e-05,5.0,0.0,-0.0001950386417585915,LANE_FOLLOW,NONE,True,nan,
12.600000000000001,62.95839622273475,0.00298358582345251,-3.359341563703861e-06,5.0,0.0,-0.00017640952845279247,LANE_FOLLOW,NONE,True,nan,
12.700000000000001,63.45839622273193,0.0029819061526706616,-3.2859263015671456e-05,5.0,0.0,-0.00015866813311368549,LANE_FOLLOW,NONE,True,nan,
12.8,63.95839622246199,0.0029654765211657823,-5.9392395866040364e-05,5.0,0.0,-0.0001418188295235292,LANE_FOLLOW,NONE,True,nan,
12.9,64.45839622158013,0.0029357803232502207,-8.310791935672767e-05,5.0,0.0,-0.00012586111549364683,LANE_FOLLOW,NONE,True,nan,
13.0,64.9583962198534,0.002894226363619692,-0.00010415492874773709,5.0,0.0,-0.00011079007859346744,LANE_FOLLOW,NONE,True,nan,
13.100000000000001,65.45839621714134,0.0028421488993399815,-0.00012268169781910212,5.0,0.0,-9.659683968636109e-05,LANE_FOLLOW,NONE,True,nan,
13.200000000000001,65.95839621337865,0.002780808050584302,-0.00013883501554264857,5.0,0.0,-8.326897416294079e-05,LANE_FOLLOW,NONE,True,nan,
13.3,66.45839620855986,0.0027113905430359835,-0.00015275959319405248,5.0,0.0,-7.079091088442559e-05,LANE_FOLLOW,NONE,True,nan,
13.4,66.958396202726,0.0026350107467360173,-0.00016459753817777795,5.0,0.0,-5.91443089589103e-05,LANE_FOLLOW,NONE,True,nan,
13.5,67.4583961959529,0.0025527119780187394,-0.00017448789085802436,5.0,0.0,-4.8308412572552753e-05,LANE_FOLLOW,NONE,True,nan,
13.600000000000001,67.9583961883414,0.0024654680330324324,-0.0001825662207259394,5.0,0.0,-3.8260384186325754e-05,LANE_FOLLOW,NONE,True,nan,
13.700000000000001,68.45839618000879,0.002374184923176547,-0.0001889642782853031,5.0,0.0,-2.8975616487639346e-05,LANE_FOLLOW,NONE,True,nan,
13.8,68.95839617108192,0.002279702784596182,-0.00019380969910399014,5.0,0.0,-2.0428023555379264e-05,LANE_FOLLOW,NONE,True,nan,
13.9,69.45839616169137,0.002182797935650847,-0.00019722575655519762,5.0,0.0,-1.2590311757276354e-05,LANE_FOLLOW,NONE,True,nan,
14.0,69.95839615196687,0.0020841850580125554,-0.00019933115985920123,5.0,0.0,-5.434230950560964e-06,LANE_FOLLOW,NONE,True,nan,
14.100000000000001,70.45839614203364,0.0019845194787429556,-0.00020023989413187922,5.0,0.0,1.0691933989030566e-06,LANE_FOLLOW,NONE,True,nan,
14.200000000000001,70.95839613200963,0.0018843995323460845,-0.00020006109924911944,5.0,0.0,6.949446526848298e-06,LANE_FOLLOW,NONE,True,nan,
14.3,71.45839612200352,0.0017843689833888026,-0.00019889898444527994,5.0,0.0,1.2236328427850567e-05,LANE_FOLLOW,NONE,True,nan,
14.4,71.95839611211332,0.0016849194918218797,-0.00019685277567797874,5.0,0.0,1.6959774953335903e-05,LANE_FOLLOW,NONE,True,nan,
14.5,72.45839610242557,0.0015864931046185773,-0.00019401669290959044,5.0,0.0,2.11496952259827e-05,LANE_FOLLOW,NONE,True,nan,
14.600000000000001,72.95839609301495,0.0014894847587723877,-0.00019047995457695897,5.0,0.0,2.483582463338779e-05,LANE_FOLLOW,NONE,True,nan,
14.700000000000001,73.45839608394431,0.0013942447820598342,-0.00018632680664410042,5.0,0.0,2.804759265599754e-05,LANE_FOLLOW,NONE,True,nan,
14.8,73.95839607526489,0.0013010813792768536,-0.00018163657375725223,5.0,0.0,3.0814004780909616e-05,LANE_FOLLOW,NONE,True,nan,
14.9,74.45839606701692,0.0012102630928976046,-0.0001764837301467736,5.0,0.0,3.316353775381896e-05,LANE_FOLLOW,NONE,True,nan,
15.0,74.9583960592303,0.0011220212282822889,-0.00017093798804543965,5.0,0.0,3.5124047425726145e-05,LANE_FOLLOW,NONE,True,nan,
15.100000000000001,75.45839605192535,0.0010365522346758,-0.00016506440151698308,5.0,0.0,3.6722688458673295e-05,LANE_FOLLOW,NONE,True,nan,
15.200000000000001,75.95839604511379,0.0009540200342920908,-0.0001589234837117689,5.0,0.0,3.798584516537251e-05,LANE_FOLLOW,NONE,True,nan,
15.3,76.45839603879962,0.0008745582927706962,-0.00015257133568774838,5.0,0.0,3.893907277081075e-05,LANE_FOLLOW,NONE,True,nan,
15.4,76.95839603298012,0.0007982726252227852,-0.00014605978505388698,5.0,0.0,3.960704839943658e-05,LANE_FOLLOW,NONE,True,nan,
15.5,77.45839602764676,0.0007252427329555051,-0.00013943653280971518,5.0,0.0,4.0013531109063966e-05,LANE_FOLLOW,NONE,True,nan,
15.600000000000001,77.95839602278612,0.0006555244667765642,-0.00013274530686817356,5.0,0.0,4.0181330311886343e-05,LANE_FOLLOW,NONE,True,nan,
15.700000000000001,78.4583960183808,0.0005891518135374064,-0.0001260260208592252,5.0,0.0,4.0132281943722066e-05,LANE_FOLLOW,NONE,True,nan,
15.8,78.95839601441016,0.0005261388032745951,-0.00011931493691854499,5.0,0.0,3.988723176456305e-05,LANE_FOLLOW,NONE,True,nan,
15.9,79.45839601085115,0.0004664813349568704,-0.00011264483126875962,5.0,0.0,3.946602519645166e-05,LANE_FOLLOW,NONE,True,nan,
16.0,79.95839600767893,0.0004101589194416017,-0.00010604516150004023,5.0,0.0,3.888750312844988e-05,LANE_FOLLOW,NONE,True,nan,
16.1,80.45839600486754,0.00035713633879095984,-9.954223455220541e-05,5.0,0.0,3.816950314280327e-05,LANE_FOLLOW,NONE,True,nan,
16.2,80.95839600239037,0.0003073652215970513,-9.315937449178069e-05,5.0,0.0,3.732886564115524e-05,LANE_FOLLOW,NONE,True,nan,
16.3,81.4583960002207,0.0002607855344185359,-8.691708926460781e-05,5.0,0.0,3.638144437467613e-05,LANE_FOLLOW,NONE,True,nan,
16.400000000000002,81.95839599833205,0.00021732698984095047,-8.083323568756304e-05,5.0,0.0,3.5342120907084584e-05,LANE_FOLLOW,NONE,True,nan,
16.5,82.45839599669854,0.00017691037204118273,-7.492318202171029e-05,5.0,0.0,3.422482256462103e-05,LANE_FOLLOW,NONE,True,nan,
16.6,82.95839599529518,0.00013944878106537592,-6.919996754378654e-05,5.0,0.0,3.304254345196347e-05,LANE_FOLLOW,NONE,True,nan,
16.7,83.45839599409801,0.00010484879732109711,-6.367445860332018e-05,5.0,0.0,3.180736813774082e-05,LANE_FOLLOW,NONE,True,nan,
16.8,83.95839599308441,7.30115680409507e-05,-5.8355500718961085e-05,5.0,0.0,3.053049763760458e-05,LANE_FOLLOW,NONE,True,nan,
16.900000000000002,84.45839599223306,4.38338176980303e-05,-5.3250066329815514e-05,5.0,0.0,2.9222277346675247e-05,LANE_FOLLOW,NONE,True,nan,
17.0,84.95839599152417,1.720878454570539e-05,-4.836339787580326e-05,5.0,0.0,2.7892226596510347e-05,LANE_FOLLOW,NONE,True,nan,
17.1,85.45839599093942,-6.972914382769334e-06,-4.369914593537792e-05,5.0,0.0,2.654906953447979e-05,LANE_FOLLOW,NONE,True,nan,
17.2,85.95839599046202,-2.882248734350425e-05,-3.925950219947198e-05,5.0,0.0,2.520076704552241e-05,LANE_FOLLOW,NONE,True,nan,
17.3,86.4583959900767,-4.8452238438197656e-05,-3.504532710735539e-05,5.0,0.0,2.3854549457648887e-05,LANE_FOLLOW,NONE,True,nan,
17.400000000000002,86.95839598976966,-6.597490198828853e-05,-3.105627201334643e-05,5.0,0.0,2.2516949793207295e-05,LANE_FOLLOW,NONE,True,nan,
17.5,87.45839598952853,-8.150303799246561e-05,-2.729089579311018e-05,5.0,0.0,2.1193837347807352e-05,LANE_FOLLOW,NONE,True,nan,
17.6,87.95839598934232,-9.514848588732686e-05,-2.3746775834752216e-05,5.0,0.0,1.989045139788123e-05,LANE_FOLLOW,NONE,True,nan,
17.7,88.45839598920135,-0.00010702187380358705,-2.042061339319631e-05,5.0,0.0,1.8611434856122206e-05,LANE_FOLLOW,NONE,True,nan,
17.8,88.9583959890971,-0.00011723218049947559,-1.7308333316562344e-05,5.0,0.0,1.7360867711475876e-05,LANE_FOLLOW,NONE,True,nan,
17.900000000000002,89.45839598902221,-0.00012588634715732466,-1.4405178180572366e-05,5.0,0.0,1.6142300106951082e-05,LANE_FOLLOW,NONE,True,nan,
18.0,89.95839598897032,-0.00013308893624736174,-1.1705796891550097e-05,5.0,0.0,1.4958784924268702e-05,LANE_FOLLOW,NONE,True,nan,
